/*
 Navicat Premium Data Transfer

 Source Server         : suse@docker
 Source Server Type    : PostgreSQL
 Source Server Version : 160008 (160008)
 Source Host           : 192.168.0.102:5432
 Source Catalog        : grad_project_db
 Source Schema         : public

 Target Server Type    : PostgreSQL
 Target Server Version : 160008 (160008)
 File Encoding         : 65001

 Date: 28/04/2025 04:15:38
*/


-- ----------------------------
-- Sequence structure for account_id_seq
-- ----------------------------
DROP SEQUENCE IF EXISTS "public"."account_id_seq";
CREATE SEQUENCE "public"."account_id_seq" 
INCREMENT 1
MINVALUE  1
MAXVALUE 9223372036854775807
START 1
CACHE 1;

-- ----------------------------
-- Sequence structure for book_id_seq
-- ----------------------------
DROP SEQUENCE IF EXISTS "public"."book_id_seq";
CREATE SEQUENCE "public"."book_id_seq" 
INCREMENT 1
MINVALUE  1
MAXVALUE 9223372036854775807
START 1
CACHE 1;

-- ----------------------------
-- Sequence structure for borrow_record_id_seq
-- ----------------------------
DROP SEQUENCE IF EXISTS "public"."borrow_record_id_seq";
CREATE SEQUENCE "public"."borrow_record_id_seq" 
INCREMENT 1
MINVALUE  1
MAXVALUE 9223372036854775807
START 1
CACHE 1;

-- ----------------------------
-- Sequence structure for user_info_id_seq
-- ----------------------------
DROP SEQUENCE IF EXISTS "public"."user_info_id_seq";
CREATE SEQUENCE "public"."user_info_id_seq" 
INCREMENT 1
MINVALUE  1
MAXVALUE 9223372036854775807
START 1
CACHE 1;

-- ----------------------------
-- Sequence structure for users_id_seq
-- ----------------------------
DROP SEQUENCE IF EXISTS "public"."users_id_seq";
CREATE SEQUENCE "public"."users_id_seq" 
INCREMENT 1
MINVALUE  1
MAXVALUE 2147483647
START 1
CACHE 1;

-- ----------------------------
-- Table structure for account
-- ----------------------------
DROP TABLE IF EXISTS "public"."account";
CREATE TABLE "public"."account" (
  "id" int8 NOT NULL GENERATED BY DEFAULT AS IDENTITY (
INCREMENT 1
MINVALUE  1
MAXVALUE 9223372036854775807
START 1
CACHE 1
),
  "created_at" timestamptz(6),
  "email" varchar(255) COLLATE "pg_catalog"."default",
  "last_login" timestamptz(6),
  "password" varchar(255) COLLATE "pg_catalog"."default" NOT NULL,
  "status" int4,
  "user_type" int4,
  "username" varchar(255) COLLATE "pg_catalog"."default" NOT NULL
)
;

-- ----------------------------
-- Records of account
-- ----------------------------
INSERT INTO "public"."account" VALUES (1, '2025-03-20 16:30:41.577214+00', 'test@example.com', '2025-04-15 23:00:44.778541+00', '$2a$10$fyKUuIwyWYJXkMGnEaHUMuCrhNmQUmOJ6MU/VdZdkI3zLVNTEebd6', 1, 0, 'testuser');
INSERT INTO "public"."account" VALUES (5, '2025-04-09 11:50:05.474406+00', '123456@exmple.com', '2025-04-15 22:59:42.410113+00', '$2a$10$JusRo2b/9cuBJU1HSXXqt.P9v701KRtLu20XvGEAfxiP2.q/s2s0q', 1, 0, 'test1');
INSERT INTO "public"."account" VALUES (6, '2025-04-10 15:49:26.287432+00', '123test@exmple.com', '2025-04-10 15:49:28.678183+00', '$2a$10$tMjKj.eBN5.rNKkNyeoZ2OVBC2YL1HK4N8QyaJu1R4WxGuXJLL70O', 1, 0, 'test2');
INSERT INTO "public"."account" VALUES (2, '2025-04-01 15:52:45.672341+00', '123@co.com', '2025-04-28 02:32:38.564355+00', '$2a$10$AQshhat7CP94mKrC03MCBudssANZxkGwVUSpA.3Kl6E9.D/e1WHQ2', 1, 1, 'admin');

-- ----------------------------
-- Table structure for book
-- ----------------------------
DROP TABLE IF EXISTS "public"."book";
CREATE TABLE "public"."book" (
  "id" int8 NOT NULL GENERATED BY DEFAULT AS IDENTITY (
INCREMENT 1
MINVALUE  1
MAXVALUE 9223372036854775807
START 1
CACHE 1
),
  "author" varchar(100) COLLATE "pg_catalog"."default",
  "available_copies" int4 DEFAULT 1,
  "category" varchar(50) COLLATE "pg_catalog"."default",
  "created_at" timestamptz(6) DEFAULT CURRENT_TIMESTAMP,
  "description" text COLLATE "pg_catalog"."default",
  "isbn" varchar(20) COLLATE "pg_catalog"."default",
  "location" varchar(50) COLLATE "pg_catalog"."default",
  "publish_date" date,
  "publisher" varchar(100) COLLATE "pg_catalog"."default",
  "title" varchar(255) COLLATE "pg_catalog"."default" NOT NULL,
  "total_copies" int4 DEFAULT 1,
  "updated_at" timestamptz(6) DEFAULT CURRENT_TIMESTAMP
)
;

-- ----------------------------
-- Records of book
-- ----------------------------
INSERT INTO "public"."book" VALUES (2, 'Randal E. Bryant', 10, '计算机科学', '2025-04-01 15:55:27.97753+00', '本书是一本系统讲述计算机系统的经典著作', '9787115546081', 'A区-1层-计算机类-01', '2024-01-01', '人民邮电出版社', '深入理解计算机系统', 10, '2025-04-01 15:55:27.97753+00');
INSERT INTO "public"."book" VALUES (3, 'Eric Matthes', 3, '编程语言', '2025-04-01 15:55:38.262627+00', NULL, '9787115111111', 'B区-2层-01', NULL, '人民邮电出版社', 'Python编程：从入门到实践', 3, '2025-04-01 15:55:38.262627+00');
INSERT INTO "public"."book" VALUES (4, 'Jake VanderPlas', 2, '数据科学', '2025-04-01 15:55:38.270939+00', NULL, '9787115222222', 'B区-2层-02', NULL, '人民邮电出版社', 'Python数据科学手册', 2, '2025-04-01 15:55:38.270939+00');
INSERT INTO "public"."book" VALUES (5, '王珊', 8, '数据库', '2025-04-01 15:56:03.284501+00', NULL, '9787302333333', '特藏室-01-A', NULL, '清华大学出版社', '数据库系统概论', 8, '2025-04-01 15:56:03.284501+00');
INSERT INTO "public"."book" VALUES (6, 'Craig Walls', 7, NULL, '2025-04-01 16:06:25.346385+00', NULL, '9787111111111', 'A区-1层-01排-03列', '2024-01-01', '机械工业出版社', 'Spring实战(第6版)', 8, '2025-04-01 16:06:33.720701+00');
INSERT INTO "public"."book" VALUES (7, 'Craig Walls', 5, '计算机/编程', '2025-04-02 01:03:50.081945+00', 'Spring框架权威指南', '9787111111112', 'A区-1层-01排-02列', '2024-01-01', '机械工业出版社', 'Spring实战(第5版)', 5, '2025-04-02 01:03:50.081945+00');
INSERT INTO "public"."book" VALUES (8, 'Craig Walls', 1, '计算机/编程', '2025-04-02 01:22:59.095487+00', 'Spring框架权威指南', '9787111111113', 'A区-1层-01排-02列', NULL, '机械工业出版社', 'Spring实战(第4版)', 1, '2025-04-02 01:22:59.095487+00');
INSERT INTO "public"."book" VALUES (25, '吉尔·德勒兹 (Gilles Deleuze), 费利克斯·加塔利 (Félix Guattari)', 4, '哲学/后现代哲学/精神分析', '2025-04-04 21:51:42.287798+00', '《资本主义与精神分裂》第一卷，提出欲望机器、块茎等概念，批判精神分析。', '9787108026316', 'D区-3层-06排-02列', '2006-12-01', '生活·读书·新知三联书店', '反俄狄浦斯：资本主义与精神分裂 (Anti-Oedipus: Capitalism and Schizophrenia)', 4, '2025-04-04 21:51:42.287798+00');
INSERT INTO "public"."book" VALUES (26, '让·鲍德里亚 (Jean Baudrillard)', 7, '哲学/后现代哲学/社会理论', '2025-04-04 21:55:33.059669+00', '鲍德里亚关于符号、媒介、超真实和现实消失的论述。', '9787544707618', 'D区-3层-06排-01列', '2008-11-01', '译林出版社', '模仿与拟像 (Simulacra and Simulation)', 7, '2025-04-04 21:55:33.059669+00');
INSERT INTO "public"."book" VALUES (27, '让-弗朗索瓦·利奥塔 (Jean-François Lyotard)', 6, '哲学/后现代哲学', '2025-04-04 22:06:58.649839+00', '利奥塔对后现代社会知识合法性危机和宏大叙事终结的分析。', '9787108009043', 'D区-3层-05排-03列', '1997-06-01', '生活·读书·新知三联书店', '后现代状况：关于知识的报告 (The Postmodern Condition: A Report on Knowledge)', 6, '2025-04-04 22:06:58.649839+00');
INSERT INTO "public"."book" VALUES (28, '雅克·德里达 (Jacques Derrida)', 5, '哲学/后现代哲学/解构主义', '2025-04-04 22:07:05.62932+00', '德里达解构主义思想的奠基性著作，批判语音中心主义。', '9787532722025', 'D区-3层-05排-02列', '1999-12-01', '上海译文出版社', '论文字学 (Of Grammatology)', 5, '2025-04-04 22:07:05.62932+00');
INSERT INTO "public"."book" VALUES (29, '米歇尔·福柯 (Michel Foucault)', 11, '哲学/后现代哲学/结构主义', '2025-04-04 22:07:11.351268+00', '福柯分析现代社会权力技术、知识形态与身体规训的经典之作。', '9787108016089', 'D区-3层-05排-01列', '2003-01-01', '生活·读书·新知三联书店', '规训与惩罚 (Discipline and Punish)', 11, '2025-04-04 22:07:11.351268+00');
INSERT INTO "public"."book" VALUES (30, '格奥尔格·威廉·弗里德里希·黑格尔 (G.W.F. Hegel)', 4, '哲学/德国观念论/政治哲学', '2025-04-04 22:07:17.789364+00', '黑格尔关于自由意志、法、伦理和国家的系统论述。', '9787100004941', 'C区-1层-04排-01列', '1961-01-01', '商务印书馆', '法哲学原理 (Elements of the Philosophy of Right)', 4, '2025-04-04 22:07:17.789364+00');
INSERT INTO "public"."book" VALUES (31, '伊曼努尔·康德 (Immanuel Kant)', 9, '哲学/德国观念论/伦理学', '2025-04-04 22:07:23.056618+00', '康德阐述其绝对命令道德律的核心伦理学著作。', '9787532743501', 'C区-1层-03排-03列', '2007-05-01', '上海人民出版社', '道德形而上学奠基 (Groundwork of the Metaphysic of Morals)', 9, '2025-04-04 22:07:23.056618+00');
INSERT INTO "public"."book" VALUES (32, '格奥尔格·威廉·弗里德里希·黑格尔 (G.W.F. Hegel)', 6, '哲学/德国观念论', '2025-04-04 22:07:28.324869+00', '黑格尔的早期代表作，描绘意识发展到绝对知识的辩证历程。', '9787100015787', 'C区-1层-03排-02列', '1979-01-01', '商务印书馆', '精神现象学 (Phenomenology of Spirit)', 6, '2025-04-04 22:07:28.324869+00');
INSERT INTO "public"."book" VALUES (33, '伊曼努尔·康德 (Immanuel Kant)', 7, '哲学/德国观念论', '2025-04-04 22:07:33.134115+00', '康德的奠基之作，探讨人类认识能力的先天条件、范围和界限。', '9787010040134', 'C区-1层-03排-01列', '2004-10-01', '人民出版社', '纯粹理性批判 (Critique of Pure Reason)', 7, '2025-04-04 22:07:33.134115+00');
INSERT INTO "public"."book" VALUES (34, '马可·奥勒留 (Marcus Aurelius)', 12, '哲学/古希腊哲学/斯多葛主义', '2025-04-04 22:07:38.322438+00', '罗马皇帝、斯多葛派哲学家关于责任、内心平静和宇宙秩序的思考。', '9787511710857', 'B区-2层-02排-01列', '2012-01-01', '中央编译出版社', '沉思录 (Meditations)', 12, '2025-04-04 22:07:38.322438+00');
INSERT INTO "public"."book" VALUES (35, '柏拉图 (Plato)', 5, '哲学/古希腊哲学', '2025-04-04 22:07:43.172463+00', '记载苏格拉底在法庭上为自己哲学实践所作的辩护。', '9787100028572', 'B区-2层-01排-05列', '1986-01-01', '商务印书馆', '苏格拉底的申辩 (Apology)', 5, '2025-04-04 22:07:43.172463+00');
INSERT INTO "public"."book" VALUES (36, '亚里士多德 (Aristotle)', 8, '哲学/古希腊哲学', '2025-04-04 22:07:48.287923+00', '亚里士多德系统阐述德性、幸福与实践智慧的伦理学著作。', '9787100029685', 'B区-2层-01排-04列', '1999-02-01', '商务印书馆', '尼各马可伦理学 (Nicomachean Ethics)', 8, '2025-04-04 22:07:48.287923+00');
INSERT INTO "public"."book" VALUES (37, '柏拉图 (Plato)', 10, '哲学/古希腊哲学', '2025-04-04 22:07:53.63786+00', '柏拉图关于正义、理想城邦与哲人王的经典对话录。', '9787532768788', 'B区-2层-01排-03列', '2016-08-01', '上海译文出版社', '理想国 (The Republic)', 10, '2025-04-04 22:07:53.63786+00');
INSERT INTO "public"."book" VALUES (38, '12-93i', 9, '测试', '2025-04-10 17:31:21.507159+00', 'daw;lk', '203988712749', 'wda-dwkl-dw', '2023-01-01', 'sdjmjiopqwj', '测试书名', 9, '2025-04-10 17:33:48.053447+00');

-- ----------------------------
-- Table structure for borrow_record
-- ----------------------------
DROP TABLE IF EXISTS "public"."borrow_record";
CREATE TABLE "public"."borrow_record" (
  "id" int8 NOT NULL GENERATED BY DEFAULT AS IDENTITY (
INCREMENT 1
MINVALUE  1
MAXVALUE 9223372036854775807
START 1
CACHE 1
),
  "borrow_date" timestamptz(6) DEFAULT CURRENT_TIMESTAMP,
  "created_at" timestamptz(6) DEFAULT CURRENT_TIMESTAMP,
  "due_date" timestamptz(6) NOT NULL,
  "remarks" text COLLATE "pg_catalog"."default",
  "return_date" timestamptz(6),
  "status" int2 DEFAULT 0,
  "updated_at" timestamptz(6) DEFAULT CURRENT_TIMESTAMP,
  "account_id" int8 NOT NULL,
  "book_id" int8 NOT NULL
)
;

-- ----------------------------
-- Records of borrow_record
-- ----------------------------
INSERT INTO "public"."borrow_record" VALUES (1, '2025-04-01 16:42:18.202409+00', '2025-04-01 16:42:18.202483+00', '2025-05-01 16:42:18.202429+00', '正常归还', '2025-04-01 16:42:39.453232+00', 1, '2025-04-01 16:42:39.453253+00', 1, 2);
INSERT INTO "public"."borrow_record" VALUES (2, '2025-04-02 21:25:29.264812+00', '2025-04-02 21:25:29.264853+00', '2025-05-02 21:25:29.264835+00', '用户报告图书丢失 (管理员强制归还)', '2025-04-02 21:26:07.32525+00', 3, '2025-04-02 21:26:07.325265+00', 1, 6);
INSERT INTO "public"."borrow_record" VALUES (3, '2025-04-10 01:58:49.936726+00', '2025-04-10 01:58:49.936754+00', '2025-05-10 01:58:49.936737+00', NULL, '2025-04-10 03:14:29.958743+00', 1, '2025-04-10 03:14:29.958753+00', 5, 5);
INSERT INTO "public"."borrow_record" VALUES (4, '2025-04-10 02:30:30.622162+00', '2025-04-10 02:30:30.622188+00', '2025-05-10 02:30:30.622165+00', NULL, '2025-04-10 02:30:31.754722+00', 1, '2025-04-10 02:30:31.754728+00', 1, 4);
INSERT INTO "public"."borrow_record" VALUES (5, '2025-04-10 02:30:47.160946+00', '2025-04-10 02:30:47.160954+00', '2025-05-10 02:30:47.160949+00', NULL, '2025-04-10 02:30:48.29569+00', 1, '2025-04-10 02:30:48.295693+00', 1, 4);
INSERT INTO "public"."borrow_record" VALUES (6, '2025-04-10 13:19:57.629203+00', '2025-04-10 13:19:57.629228+00', '2025-05-10 13:19:57.629212+00', NULL, '2025-04-10 13:20:02.914309+00', 1, '2025-04-10 13:20:02.914316+00', 5, 3);
INSERT INTO "public"."borrow_record" VALUES (7, '2025-04-10 13:20:00.084974+00', '2025-04-10 13:20:00.084991+00', '2025-05-10 13:20:00.084983+00', NULL, '2025-04-10 13:20:01.466703+00', 1, '2025-04-10 13:20:01.466709+00', 5, 2);
INSERT INTO "public"."borrow_record" VALUES (8, '2025-04-10 13:25:21.005104+00', '2025-04-10 13:25:21.005124+00', '2025-05-10 13:25:21.005107+00', NULL, '2025-04-10 13:25:21.834257+00', 1, '2025-04-10 13:25:21.834264+00', 5, 4);
INSERT INTO "public"."borrow_record" VALUES (9, '2025-04-10 13:26:37.912006+00', '2025-04-10 13:26:37.912014+00', '2025-05-10 13:26:37.91201+00', NULL, '2025-04-10 13:26:38.994785+00', 1, '2025-04-10 13:26:38.99479+00', 5, 6);
INSERT INTO "public"."borrow_record" VALUES (10, '2025-04-10 13:28:41.830672+00', '2025-04-10 13:28:41.830681+00', '2025-05-10 13:28:41.830676+00', NULL, '2025-04-10 13:28:44.692613+00', 1, '2025-04-10 13:28:44.692618+00', 5, 5);
INSERT INTO "public"."borrow_record" VALUES (11, '2025-04-10 13:28:43.627919+00', '2025-04-10 13:28:43.627924+00', '2025-05-10 13:28:43.627921+00', NULL, '2025-04-10 13:28:45.852862+00', 1, '2025-04-10 13:28:45.852867+00', 5, 4);
INSERT INTO "public"."borrow_record" VALUES (12, '2025-04-10 13:32:27.962869+00', '2025-04-10 13:32:27.962878+00', '2025-05-10 13:32:27.962874+00', NULL, '2025-04-10 13:32:29.0002+00', 1, '2025-04-10 13:32:29.000206+00', 1, 26);
INSERT INTO "public"."borrow_record" VALUES (13, '2025-04-10 13:35:42.576631+00', '2025-04-10 13:35:42.576641+00', '2025-05-10 13:35:42.576635+00', NULL, '2025-04-10 13:36:01.857929+00', 1, '2025-04-10 13:36:01.857932+00', 1, 2);
INSERT INTO "public"."borrow_record" VALUES (14, '2025-04-10 13:35:45.690054+00', '2025-04-10 13:35:45.690075+00', '2025-05-10 13:35:45.690069+00', NULL, '2025-04-10 13:36:01.406047+00', 1, '2025-04-10 13:36:01.40605+00', 1, 3);
INSERT INTO "public"."borrow_record" VALUES (15, '2025-04-10 13:35:47.104997+00', '2025-04-10 13:35:47.105007+00', '2025-05-10 13:35:47.105002+00', NULL, '2025-04-10 13:36:01.041073+00', 1, '2025-04-10 13:36:01.04108+00', 1, 5);
INSERT INTO "public"."borrow_record" VALUES (16, '2025-04-10 13:35:48.924265+00', '2025-04-10 13:35:48.924276+00', '2025-05-10 13:35:48.92427+00', NULL, '2025-04-10 13:36:00.652472+00', 1, '2025-04-10 13:36:00.652479+00', 1, 6);
INSERT INTO "public"."borrow_record" VALUES (17, '2025-04-10 13:35:51.639724+00', '2025-04-10 13:35:51.639733+00', '2025-05-10 13:35:51.639729+00', NULL, '2025-04-10 13:35:59.983551+00', 1, '2025-04-10 13:35:59.983553+00', 1, 7);
INSERT INTO "public"."borrow_record" VALUES (18, '2025-04-10 13:36:08.156464+00', '2025-04-10 13:36:08.156475+00', '2025-05-10 13:36:08.156469+00', NULL, '2025-04-10 13:36:09.481686+00', 1, '2025-04-10 13:36:09.481693+00', 1, 6);
INSERT INTO "public"."borrow_record" VALUES (19, '2025-04-10 16:39:33.037571+00', '2025-04-10 16:39:33.037619+00', '2025-05-10 16:39:33.037576+00', NULL, '2025-04-10 16:39:34.032639+00', 1, '2025-04-10 16:39:34.032641+00', 1, 6);
INSERT INTO "public"."borrow_record" VALUES (20, '2025-04-10 16:39:41.530951+00', '2025-04-10 16:39:41.530963+00', '2025-05-10 16:39:41.530953+00', NULL, '2025-04-10 16:39:42.542333+00', 1, '2025-04-10 16:39:42.54234+00', 1, 5);
INSERT INTO "public"."borrow_record" VALUES (21, '2025-04-10 16:40:31.734866+00', '2025-04-10 16:40:31.734878+00', '2025-05-10 16:40:31.73487+00', NULL, '2025-04-10 16:40:32.759232+00', 1, '2025-04-10 16:40:32.759234+00', 1, 4);
INSERT INTO "public"."borrow_record" VALUES (22, '2025-04-10 16:40:49.295932+00', '2025-04-10 16:40:49.295943+00', '2025-05-10 16:40:49.295936+00', NULL, '2025-04-10 16:40:50.404602+00', 1, '2025-04-10 16:40:50.404604+00', 1, 5);
INSERT INTO "public"."borrow_record" VALUES (23, '2025-04-10 16:43:57.207424+00', '2025-04-10 16:43:57.20743+00', '2025-05-10 16:43:57.207425+00', NULL, '2025-04-10 16:43:58.131315+00', 1, '2025-04-10 16:43:58.131321+00', 5, 4);
INSERT INTO "public"."borrow_record" VALUES (24, '2025-04-10 17:32:07.869813+00', '2025-04-10 17:32:07.869821+00', '2025-05-10 17:32:07.869816+00', NULL, '2025-04-10 17:32:35.835953+00', 1, '2025-04-10 17:32:35.835959+00', 1, 38);
INSERT INTO "public"."borrow_record" VALUES (25, '2025-04-10 17:33:05.856225+00', '2025-04-10 17:33:05.85624+00', '2025-05-10 17:33:05.856229+00', NULL, '2025-04-14 20:33:24.88964+00', 1, '2025-04-14 20:33:24.889642+00', 5, 38);
INSERT INTO "public"."borrow_record" VALUES (26, '2025-04-14 18:31:51.892256+00', '2025-04-14 18:31:51.892278+00', '2025-05-14 18:31:51.892264+00', NULL, '2025-04-14 20:33:12.159818+00', 1, '2025-04-14 20:33:12.159824+00', 5, 5);

-- ----------------------------
-- Table structure for user_info
-- ----------------------------
DROP TABLE IF EXISTS "public"."user_info";
CREATE TABLE "public"."user_info" (
  "id" int8 NOT NULL GENERATED BY DEFAULT AS IDENTITY (
INCREMENT 1
MINVALUE  1
MAXVALUE 9223372036854775807
START 1
CACHE 1
),
  "address" text COLLATE "pg_catalog"."default",
  "created_at" timestamptz(6),
  "full_name" varchar(100) COLLATE "pg_catalog"."default" NOT NULL,
  "max_borrow_books" int4 NOT NULL DEFAULT 5,
  "phone" varchar(20) COLLATE "pg_catalog"."default",
  "updated_at" timestamptz(6),
  "account_id" int8 NOT NULL
)
;

-- ----------------------------
-- Records of user_info
-- ----------------------------
INSERT INTO "public"."user_info" VALUES (1, '测试地址', '2025-03-28 20:02:31.913663+00', 'testname1', 5, '2312312', '2025-04-14 18:30:54.127473+00', 1);
INSERT INTO "public"."user_info" VALUES (3, '你好', '2025-04-09 16:22:31.200455+00', '测试', 5, '3123452131', '2025-04-09 16:22:31.200472+00', 5);

-- ----------------------------
-- Table structure for users
-- ----------------------------
DROP TABLE IF EXISTS "public"."users";
CREATE TABLE "public"."users" (
  "id" int4 NOT NULL GENERATED BY DEFAULT AS IDENTITY (
INCREMENT 1
MINVALUE  1
MAXVALUE 2147483647
START 1
CACHE 1
),
  "email" varchar(255) COLLATE "pg_catalog"."default",
  "name" varchar(255) COLLATE "pg_catalog"."default"
)
;

-- ----------------------------
-- Records of users
-- ----------------------------
INSERT INTO "public"."users" VALUES (2, 'zhangsan.new@example.com', '张三更新');
INSERT INTO "public"."users" VALUES (3, 'zhangsan@example.com', '张三');
INSERT INTO "public"."users" VALUES (4, 'zhangsan@example.com', '张三');
INSERT INTO "public"."users" VALUES (5, 'zhangsan@example.com', '张三');
INSERT INTO "public"."users" VALUES (6, 'zhangsan@example.com', '张三');
INSERT INTO "public"."users" VALUES (7, 'zhangsan@example.com', '张三');
INSERT INTO "public"."users" VALUES (8, 'zhangsan@example.com', '张三');
INSERT INTO "public"."users" VALUES (9, 'zhangsan@example.com', '张三');
INSERT INTO "public"."users" VALUES (10, 'zhangsan@example.com', '张三');
INSERT INTO "public"."users" VALUES (11, 'zhangsan@example.com', '张三');

-- ----------------------------
-- Alter sequences owned by
-- ----------------------------
ALTER SEQUENCE "public"."account_id_seq"
OWNED BY "public"."account"."id";
SELECT setval('"public"."account_id_seq"', 1, false);

-- ----------------------------
-- Alter sequences owned by
-- ----------------------------
ALTER SEQUENCE "public"."book_id_seq"
OWNED BY "public"."book"."id";
SELECT setval('"public"."book_id_seq"', 1, false);

-- ----------------------------
-- Alter sequences owned by
-- ----------------------------
ALTER SEQUENCE "public"."borrow_record_id_seq"
OWNED BY "public"."borrow_record"."id";
SELECT setval('"public"."borrow_record_id_seq"', 1, false);

-- ----------------------------
-- Alter sequences owned by
-- ----------------------------
ALTER SEQUENCE "public"."user_info_id_seq"
OWNED BY "public"."user_info"."id";
SELECT setval('"public"."user_info_id_seq"', 1, false);

-- ----------------------------
-- Alter sequences owned by
-- ----------------------------
ALTER SEQUENCE "public"."users_id_seq"
OWNED BY "public"."users"."id";
SELECT setval('"public"."users_id_seq"', 1, false);

-- ----------------------------
-- Auto increment value for account
-- ----------------------------
SELECT setval('"public"."account_id_seq"', 1, false);

-- ----------------------------
-- Uniques structure for table account
-- ----------------------------
ALTER TABLE "public"."account" ADD CONSTRAINT "ukq0uja26qgu1atulenwup9rxyr" UNIQUE ("email");
ALTER TABLE "public"."account" ADD CONSTRAINT "ukgex1lmaqpg0ir5g1f5eftyaa1" UNIQUE ("username");

-- ----------------------------
-- Primary Key structure for table account
-- ----------------------------
ALTER TABLE "public"."account" ADD CONSTRAINT "account_pkey" PRIMARY KEY ("id");

-- ----------------------------
-- Auto increment value for book
-- ----------------------------
SELECT setval('"public"."book_id_seq"', 1, false);

-- ----------------------------
-- Uniques structure for table book
-- ----------------------------
ALTER TABLE "public"."book" ADD CONSTRAINT "ukehpdfjpu1jm3hijhj4mm0hx9h" UNIQUE ("isbn");

-- ----------------------------
-- Primary Key structure for table book
-- ----------------------------
ALTER TABLE "public"."book" ADD CONSTRAINT "book_pkey" PRIMARY KEY ("id");

-- ----------------------------
-- Auto increment value for borrow_record
-- ----------------------------
SELECT setval('"public"."borrow_record_id_seq"', 1, false);

-- ----------------------------
-- Primary Key structure for table borrow_record
-- ----------------------------
ALTER TABLE "public"."borrow_record" ADD CONSTRAINT "borrow_record_pkey" PRIMARY KEY ("id");

-- ----------------------------
-- Auto increment value for user_info
-- ----------------------------
SELECT setval('"public"."user_info_id_seq"', 1, false);

-- ----------------------------
-- Uniques structure for table user_info
-- ----------------------------
ALTER TABLE "public"."user_info" ADD CONSTRAINT "uk7qdnfx0rdys6j766rxiqfcadf" UNIQUE ("account_id");

-- ----------------------------
-- Primary Key structure for table user_info
-- ----------------------------
ALTER TABLE "public"."user_info" ADD CONSTRAINT "user_info_pkey" PRIMARY KEY ("id");

-- ----------------------------
-- Auto increment value for users
-- ----------------------------
SELECT setval('"public"."users_id_seq"', 1, false);

-- ----------------------------
-- Primary Key structure for table users
-- ----------------------------
ALTER TABLE "public"."users" ADD CONSTRAINT "users_pkey" PRIMARY KEY ("id");

-- ----------------------------
-- Foreign Keys structure for table borrow_record
-- ----------------------------
ALTER TABLE "public"."borrow_record" ADD CONSTRAINT "fkb0okdxh7osfeowyjmdr5u9w0r" FOREIGN KEY ("account_id") REFERENCES "public"."account" ("id") ON DELETE NO ACTION ON UPDATE NO ACTION;
ALTER TABLE "public"."borrow_record" ADD CONSTRAINT "fkblllbxv8r2dt3j07c3hgdruqi" FOREIGN KEY ("book_id") REFERENCES "public"."book" ("id") ON DELETE NO ACTION ON UPDATE NO ACTION;

-- ----------------------------
-- Foreign Keys structure for table user_info
-- ----------------------------
ALTER TABLE "public"."user_info" ADD CONSTRAINT "fk4bvlx564gr3ii8jw1jb0fu9jh" FOREIGN KEY ("account_id") REFERENCES "public"."account" ("id") ON DELETE NO ACTION ON UPDATE NO ACTION;
